{"acc": 0.8819327807935541, "loss": 0.02231915223560361, "_timestamp": 1706618733.7147508, "_runtime": 5.452340841293335, "_step": 7, "_wandb": {"runtime": 2}}